vehicle_type,distance_km,fuel_consumption_l,monthly_electricity_kwh,public_transport_km,flights_per_year,waste_kg_month,meat_meals_per_week,household_size,carbon_emission_kg
Car,450,38,160,40,0,12,3,3,145.2
Bike,320,14,140,80,0,9,2,2,68.5
Bus,280,0,190,320,0,15,4,4,61.8
Electric Car,700,0,220,30,1,14,3,3,92.6
Car,850,74,240,20,1,20,5,4,264.7
Train,500,0,180,450,0,11,2,3,70.4
Scooter,600,26,150,60,0,13,3,3,112.8
Car,1100,95,300,10,2,27,6,5,339.5
Electric Bike,250,0,130,120,0,8,2,2,48.7
Bus,650,0,210,400,1,18,4,4,82.3
Car,1300,113,340,0,3,32,7,5,410.6
Bike,550,24,175,90,0,14,3,3,96.4
Electric Car,900,0,260,40,1,17,4,4,111.8
Metro,400,0,200,550,0,10,2,3,59.7
Car,750,65,210,50,1,19,4,4,231.5
Scooter,380,17,145,100,0,10,2,2,75.6
Bus,900,0,280,520,1,24,5,5,105.9
Car,1500,130,380,0,4,38,8,6,482.7
Train,800,0,230,600,1,16,3,4,91.2
Bike,700,30,190,70,0,15,4,4,119.6
Electric Car,550,0,180,80,0,12,3,3,78.4
Car,600,52,170,100,0,13,2,3,177.3
Bus,450,0,200,350,0,16,3,4,68.9
Scooter,800,35,220,40,1,18,5,4,142.7
Car,1000,87,275,30,2,25,6,5,319.8
Electric Bike,450,0,155,150,0,9,2,2,55.3
Metro,700,0,240,700,1,13,3,3,76.8
Car,1250,108,320,15,2,29,7,5,378.6
Bike,480,21,160,110,0,11,3,3,88.7
Electric Car,1050,0,290,25,2,20,5,4,127.4
Car,550,47,185,60,0,14,3,3,168.5
Bus,750,0,225,480,1,21,5,5,94.7
Scooter,420,18,155,90,0,11,2,2,82.1
Car,1400,121,360,0,3,34,8,5,435.9
Train,650,0,210,520,1,14,3,4,83.6
Bike,850,37,205,50,1,17,5,4,145.8
Electric Car,800,0,245,45,1,16,4,4,104.9
Metro,550,0,195,620,0,11,2,3,66.2
Car,950,82,255,25,1,22,5,4,292.4
Scooter,700,30,180,70,0,15,4,3,119.3
Bus,1000,0,300,600,2,28,6,6,123.5
Car,500,43,150,90,0,10,2,2,155.7
Electric Bike,600,0,170,180,0,10,3,3,62.8
Bike,1000,43,230,30,1,19,5,4,166.4
Electric Car,1200,0,310,20,2,21,5,5,141.7
Car,700,61,195,75,0,16,4,3,211.6
Train,900,0,250,700,1,18,3,4,99.5
Bus,550,0,175,390,0,14,3,3,67.5
Car,1150,100,285,20,2,26,6,5,351.8
Bike,400,17,145,130,0,10,2,2,77.9